{"cameraMode":{"drawMode":0,"name":"Shaded","section":"Shading Mode"},"sceneLighting":true,"audioPlay":false,"sceneViewState":{"m_AlwaysRefresh":false,"showFog":true,"showSkybox":true,"showFlares":true,"showImageEffects":true,"showParticleSystems":true,"showVisualEffectGraphs":true,"m_FxEnabled":true},"in2DMode":false,"pivot":{"x":-0.09123533964157105,"y":0.2510932683944702,"z":0.13871943950653077},"rotation":{"x":-0.23474885523319245,"y":0.31445208191871645,"z":-0.08056400716304779,"w":-0.9162560701370239},"size":0.9291073083877564,"orthographic":false}