{"cameraMode":{"drawMode":0,"name":"Shaded","section":"Shading Mode"},"sceneLighting":true,"audioPlay":false,"sceneViewState":{"m_AlwaysRefresh":false,"showFog":true,"showSkybox":true,"showFlares":true,"showImageEffects":true,"showParticleSystems":true,"showVisualEffectGraphs":true,"m_FxEnabled":true},"in2DMode":false,"pivot":{"x":2.830064535140991,"y":30.614789962768556,"z":28.779525756835939},"rotation":{"x":-0.28163397312164309,"y":-0.5731788277626038,"z":0.21904490888118745,"w":-0.7377468347549439},"size":0.3691423833370209,"orthographic":false}