{"cameraMode":{"drawMode":0,"name":"Shaded","section":"Shading Mode"},"sceneLighting":true,"audioPlay":false,"sceneViewState":{"m_AlwaysRefresh":false,"showFog":true,"showSkybox":true,"showFlares":true,"showImageEffects":true,"showParticleSystems":true,"showVisualEffectGraphs":true,"m_FxEnabled":true},"in2DMode":false,"pivot":{"x":-0.7938480377197266,"y":1.6511826515197755,"z":4.353058815002441},"rotation":{"x":0.0954396054148674,"y":-0.2712118625640869,"z":0.026874767616391183,"w":0.9574558734893799},"size":12.12435531616211,"orthographic":false}