{"cameraMode":{"drawMode":0,"name":"Shaded","section":"Shading Mode"},"sceneLighting":true,"audioPlay":false,"sceneViewState":{"m_AlwaysRefresh":false,"showFog":true,"showSkybox":true,"showFlares":true,"showImageEffects":true,"showParticleSystems":true,"showVisualEffectGraphs":true,"m_FxEnabled":true},"in2DMode":false,"pivot":{"x":-1.5868427753448487,"y":0.04988527297973633,"z":0.015407562255859375},"rotation":{"x":-0.26027604937553408,"y":0.08300460129976273,"z":-0.022464575245976449,"w":-0.9616997241973877},"size":22.230134963989259,"orthographic":false}