{"cameraMode":{"drawMode":0,"name":"Shaded","section":"Shading Mode"},"sceneLighting":true,"audioPlay":false,"sceneViewState":{"m_AlwaysRefresh":false,"showFog":true,"showSkybox":true,"showFlares":true,"showImageEffects":true,"showParticleSystems":true,"showVisualEffectGraphs":true,"m_FxEnabled":true},"in2DMode":false,"pivot":{"x":0.9972724914550781,"y":-0.19194602966308595,"z":-0.8072347640991211},"rotation":{"x":-0.08237423002719879,"y":0.909395158290863,"z":-0.21706709265708924,"w":-0.3451041579246521},"size":11.925186157226563,"orthographic":false}