{"cameraMode":{"drawMode":0,"name":"Shaded","section":"Shading Mode"},"sceneLighting":true,"audioPlay":false,"sceneViewState":{"m_AlwaysRefresh":false,"showFog":true,"showSkybox":true,"showFlares":true,"showImageEffects":true,"showParticleSystems":true,"showVisualEffectGraphs":true,"m_FxEnabled":true},"in2DMode":false,"pivot":{"x":-0.08131113648414612,"y":0.9589307904243469,"z":-1.6364794969558716},"rotation":{"x":-0.2509186267852783,"y":-0.036778416484594348,"z":0.009805049747228623,"w":-0.9673303365707398},"size":2.4494898319244386,"orthographic":false}